<ImportExportXml xmlns:xsi="http://www.w3.org/2001/XMLSchema-instance">
  <Entities>
    <Entity>
      <Name LocalizedName="Case" OriginalName="Case">Incident</Name>
      <ObjectTypeCode>112</ObjectTypeCode>
      <FormXml>
        <forms type="main">
          <systemform>
            <formid>{4a63c8d1-6c1e-48ec-9db4-3e6c7155334c}</formid>
            <IntroducedVersion>5.0.0.0</IntroducedVersion>
            <FormPresentation>1</FormPresentation>
            <FormActivationState>1</FormActivationState>
            <form enablerelatedinformation="false" shownavigationbar="true" hasmargin="false" relatedInformationCollapsed="false" showImage="false" maxWidth="1900" solutionaction="Modified">
              <tabs showlabels="true">
                <tab name="general" verticallayout="true" id="{564b9a08-4626-46f5-8bd8-3d31e17a8873}" IsUserDefined="0" ordinalvalue="0">
                  <columns>
                    <column width="30%" id="0">
                      <sections>
                        <section name="Details" showlabel="true" labelwidth="102" showbar="false" id="{09d03c8d-5a6b-4a94-b7d9-cfa1b5364015}" IsUserDefined="0" locklevel="0" celllabelposition="Left" ordinalvalue="0">
                          <rows>
                            <row>
                              <cell id="{b579ee22-ced2-44ed-0bb8-8290e9b23164}" showlabel="true" locklevel="0" ordinalvalue="10003">
                                <control id="customerid" classid="{270BD3DB-D9AF-4782-9025-509E298DEC0A}" datafieldname="customerid" disabled="false" />
                              </cell>
                            </row>
                          </rows>
                        </section>
                      </sections>
                    </column>
                  </columns>
                </tab>
                <tab name="SOCIALDETAILS_TAB" id="{5b41e0a6-d4da-4ee5-871f-373f2b55109e}" IsUserDefined="0" showlabel="true" expanded="false" ordinalvalue="5">
                  <columns>
                    <column width="34%" id="0">
                      <sections>
                        <section name="social" showlabel="false" showbar="false" id="{6ef467d9-a025-420c-bb36-9b2d4a9642d9}" IsUserDefined="0" layout="varwidth" labelwidth="102" celllabelposition="Left" ordinalvalue="0">
                          <rows>
                            <row>
                              <cell id="{acb2c742-73f1-4545-970a-870272bf1eb9}" showlabel="true" locklevel="0" ordinalvalue="10000">
                                <control id="socialprofileid" classid="{270BD3DB-D9AF-4782-9025-509E298DEC0A}" datafieldname="socialprofileid" disabled="true" />
                              </cell>
                            </row>
                          </rows>
                        </section>
                      </sections>
                    </column>
                  </columns>
                </tab>
              </tabs>
              <events>
                <event name="onload" application="true" active="true">
                  <Handlers solutionaction="Added">
                    <Handler functionName="defaultcustomer" libraryName="ourcrm_accountfilter" handlerUniqueId="{63a38edc-5677-67da-ba5a-492927601298}" enabled="true" parameters="" passExecutionContext="false" />
                  </Handlers>
                </event>
              </events>
              <Navigation>
                <NavBar>
                  <NavBarByRelationshipItem RelationshipName="Incident_ActivityPointers" Id="navActivities" Icon="/_imgs/ico_18_act.gif" Sequence="10" Area="Info" solutionaction="Modified">
                    <Titles solutionaction="Added">
                      <Title LCID="1033" Text="Activities" />
                    </Titles>
                  </NavBarByRelationshipItem>
                  <NavBarByRelationshipItem RelationshipName="Incident_ActivityPointers" Id="navActivityHistory" TitleResourceId="Tab_Label_History" Icon="/_imgs/ico_18_history.gif" ViewId="21E2B905-6FDB-470d-8517-AD69B4C01268" Sequence="20" Area="Info" solutionaction="Modified">
                    <Titles solutionaction="Added">
                      <Title LCID="1033" Text="Closed Activities" />
                    </Titles>
                  </NavBarByRelationshipItem>
                </NavBar>
                <NavBarAreas solutionaction="Added">
                  <NavBarArea Id="Info">
                    <Titles>
                      <Title LCID="1033" Text="Common" />
                    </Titles>
                  </NavBarArea>
                  <NavBarArea Id="Sales">
                    <Titles>
                      <Title LCID="1033" Text="Sales" />
                    </Titles>
                  </NavBarArea>
                  <NavBarArea Id="Service">
                    <Titles>
                      <Title LCID="1033" Text="Service" />
                    </Titles>
                  </NavBarArea>
                  <NavBarArea Id="Marketing">
                    <Titles>
                      <Title LCID="1033" Text="Marketing" />
                    </Titles>
                  </NavBarArea>
                  <NavBarArea Id="ProcessCenter">
                    <Titles>
                      <Title LCID="1033" Text="Process Sessions" />
                    </Titles>
                  </NavBarArea>
                </NavBarAreas>
              </Navigation>
              <formLibraries solutionaction="Added">
                <Library name="ourcrm_accountfilter" libraryUniqueId="{20c0198b-eb90-6686-dc36-c8c6c6e931a8}" />
              </formLibraries>
            </form>
            <LocalizedNames>
              <LocalizedName description="Case" languagecode="1033" />
            </LocalizedNames>
            <Descriptions>
              <Description description="Updated default Case form." languagecode="1033" />
            </Descriptions>
          </systemform>
        </forms>
        <forms type="quickCreate">
          <systemform>
            <formid>{8e10b902-0b3e-441c-8b12-88e6c1793848}</formid>
            <IntroducedVersion>6.0.0.0</IntroducedVersion>
            <FormPresentation>0</FormPresentation>
            <FormActivationState>1</FormActivationState>
            <form maxWidth="1900">
              <events>
                <event name="onload" application="false" active="false" solutionaction="Added">
                  <Handlers>
                    <Handler functionName="defaultcustomer" libraryName="ourcrm_accountfilter" handlerUniqueId="{aee706a1-2e37-d3d6-1e82-340a543a73dd}" enabled="true" parameters="" passExecutionContext="false" />
                  </Handlers>
                </event>
              </events>
              <formLibraries solutionaction="Added">
                <Library name="ourcrm_accountfilter" libraryUniqueId="{8ad5023c-6394-d845-da4e-37a3645e17ce}" />
              </formLibraries>
            </form>
            <LocalizedNames>
              <LocalizedName description="Case Quick Create" languagecode="1033" />
            </LocalizedNames>
            <Descriptions>
              <Description description="Default quick create form for Case" languagecode="1033" />
            </Descriptions>
          </systemform>
        </forms>
      </FormXml>
      <RibbonDiffXml>
        <CustomActions />
        <Templates>
          <RibbonTemplates Id="Mscrm.Templates"></RibbonTemplates>
        </Templates>
        <CommandDefinitions />
        <RuleDefinitions>
          <TabDisplayRules />
          <DisplayRules />
          <EnableRules />
        </RuleDefinitions>
        <LocLabels />
      </RibbonDiffXml>
    </Entity>
  </Entities>
  <Roles></Roles>
  <Workflows></Workflows>
  <FieldSecurityProfiles></FieldSecurityProfiles>
  <Templates />
  <IsvConfig>
    <configuration version="3.0.0000.0">
      <Root />
      <ServiceManagement>
        <AppointmentBook>
          <SmoothScrollLimit>2000</SmoothScrollLimit>
          <TimeBlocks>
            <TimeBlock EntityType="4214" StatusCode="1" CssClass="ganttBlockServiceActivityStatus1" />
            <TimeBlock EntityType="4214" StatusCode="2" CssClass="ganttBlockServiceActivityStatus2" />
            <TimeBlock EntityType="4214" StatusCode="3" CssClass="ganttBlockServiceActivityStatus3" />
            <TimeBlock EntityType="4214" StatusCode="4" CssClass="ganttBlockServiceActivityStatus4" />
            <TimeBlock EntityType="4214" StatusCode="6" CssClass="ganttBlockServiceActivityStatus6" />
            <TimeBlock EntityType="4214" StatusCode="7" CssClass="ganttBlockServiceActivityStatus7" />
            <TimeBlock EntityType="4214" StatusCode="8" CssClass="ganttBlockServiceActivityStatus8" />
            <TimeBlock EntityType="4214" StatusCode="9" CssClass="ganttBlockServiceActivityStatus9" />
            <TimeBlock EntityType="4214" StatusCode="10" CssClass="ganttBlockServiceActivityStatus10" />
            <TimeBlock EntityType="4201" StatusCode="1" CssClass="ganttBlockAppointmentStatus1" />
            <TimeBlock EntityType="4201" StatusCode="2" CssClass="ganttBlockAppointmentStatus2" />
            <TimeBlock EntityType="4201" StatusCode="3" CssClass="ganttBlockAppointmentStatus3" />
            <TimeBlock EntityType="4201" StatusCode="4" CssClass="ganttBlockAppointmentStatus4" />
            <TimeBlock EntityType="4201" StatusCode="5" CssClass="ganttBlockAppointmentStatus5" />
            <TimeBlock EntityType="4201" StatusCode="6" CssClass="ganttBlockAppointmentStatus6" />
          </TimeBlocks>
        </AppointmentBook>
      </ServiceManagement>
    </configuration>
  </IsvConfig>
  <EntityMaps />
  <EntityRelationships />
  <OrganizationSettings />
  <optionsets />
  <WebResources>
    <WebResource>
      <WebResourceId>{aaf44242-8535-e711-8118-c4346bdc0e01}</WebResourceId>
      <Name>ourcrm_deepakgaur</Name>
      <DisplayName>D CRM Explorer | Deepak Gaur</DisplayName>
      <WebResourceType>1</WebResourceType>
      <IntroducedVersion>1.0</IntroducedVersion>
      <IsEnabledForMobileClient>1</IsEnabledForMobileClient>
      <IsAvailableForMobileOffline>0</IsAvailableForMobileOffline>
      <DependencyXml>&lt;Dependencies&gt;&lt;Dependency componentType="WebResource"/&gt;&lt;/Dependencies&gt;</DependencyXml>
      <IsCustomizable>0</IsCustomizable>
      <CanBeDeleted>1</CanBeDeleted>
      <IsHidden>0</IsHidden>
      <FileName>/WebResources/ourcrm_deepakgaurAAF44242-8535-E711-8118-C4346BDC0E01</FileName>
    </WebResource>
    <WebResource>
      <WebResourceId>{f9e278a8-4135-e711-8120-c4346bdcdf81}</WebResourceId>
      <Name>ourcrm_accountfilter</Name>
      <DisplayName>Set Account Filter </DisplayName>
      <WebResourceType>3</WebResourceType>
      <IntroducedVersion>1.0</IntroducedVersion>
      <IsEnabledForMobileClient>0</IsEnabledForMobileClient>
      <IsAvailableForMobileOffline>0</IsAvailableForMobileOffline>
      <DependencyXml>&lt;Dependencies&gt;&lt;Dependency componentType="WebResource"/&gt;&lt;/Dependencies&gt;</DependencyXml>
      <IsCustomizable>0</IsCustomizable>
      <CanBeDeleted>1</CanBeDeleted>
      <IsHidden>0</IsHidden>
      <FileName>/WebResources/ourcrm_accountfilterF9E278A8-4135-E711-8120-C4346BDCDF81</FileName>
    </WebResource>
  </WebResources>
  <Languages>
    <Language>1033</Language>
  </Languages>
</ImportExportXml>